Workbook

Sheet Edward Traits (GPT)
A1: CSV Dimension | B1: Final Score | C1: Final Reading
A2: Accountability | B2: 2 | C2: Operates from unilateral certainty more than mutual relational accountability.
A3: Attachment | B3: 10 | C3: Absolute attachment fixation defines the relationship structure.
A4: Boundaries | B4: 1 | C4: Emotional and practical boundaries fully dissolved into protective fusion.
A5: Charm | B5: 9 | C5: Emotional magnetism and idealization become nearly total.
A6: Cognitive Flexibility | B6: 1 | C6: Extremely rigid worldview and relational framework.
A7: Conflict | B7: 8 | C7: Intimacy remains tightly fused with danger, fear, and regulation.
A8: Control | B8: 10 | C8: Edward remains the dominant regulator of relational reality and safety logic.
A9: Deception | B9: 9 | C9: Information asymmetry and selective truth management remain foundational.
A10: Disrespect | B10: 9 | C10: Bella’s autonomy consistently subordinated to Edward’s protective framework.
A11: Dominance | B11: 10 | C11: Hierarchical relationship structure fully normalized and romanticized.
A12: Dysregulation | B12: 9 | C12: Emotional intensity routinely strains restraint systems.
A13: Emotional Overexposure | B13: 5 | C13: More emotionally open than earlier sections, but disclosure remains controlled and asymmetrical.
... A29: Validation-seeking | B29: 2 | C29: Minimal dependence on admiration or social approval.

Sheet Edward Player Types (GPT)
A1: CSV Player Type | B1: Edward Score | C1: Notes
A2: Manipulative Morgan | B2: 9.8 | C2: Relationship structured through asymmetrical authority, emotional override, selective disclosure, and protective reality-management.
A3: Menacing Marley | B3: 5.8 | C3: Fear/intimidation dynamics repeatedly accompany Edward’s emotional intensity and presence.
A4: Egocentric Evan | B4: 6.5 | C4: Strong certainty that his worldview and protective logic are superior.
A5: Domineering Devin | B5: 8 | C5: Protective control increasingly becomes normalized relational authority.
A6: Conspiratorial Corey | B6: 8.3 | C6: Secrecy, concealment, surveillance dynamics, and informational asymmetry remain central throughout the film.
A7: Arrogant Avery | B7: 9 | C7: Persistent assumption that Edward’s judgment supersedes Bella’s autonomy and interpretation.
A8: Backhanded Blake | B8: 6 | C8: Recurrent indirect invalidation and perceptual override framed as concern/protection.
A9: Needy Noel | B9: 7.7 | C9: Fear-of-loss and emotional dependency increasingly govern Edward’s behavior.
A10: Adrenaline Ainsley | B10: 7.5 | C10: Danger and intimacy become psychologically fused and romanticized.
A11: Dependent Drew | B11: 7.8 | C11: Emotional fusion and inability to disengage become structurally central.
A12: Storytelling Sam | B12: 3 | C12: Some mythologizing/self-narrativizing exists but is secondary.
A13: Tornado Toby | B13: 7 | C13: Emotional volatility and destabilizing intensity shape the attachment system.
... A18: Pity-party Parker | B18: 4.5 | C18: Tragic-self framing and self-loathing appear but are not dominant strategies.

Sheet Edward Traits (Copilot)
A1: CSV Dimension | B1: Score | C1: Reasoning
A2: Accountability | B2: 2 | C2: He deflects responsibility (“you hit your head”), but doesn’t fully blame Bella.
A3: Attachment | B3: 3 | C3: Avoidant, distancing, hyper‑independent.
A4: Boundaries | B4: 10 | C4: Appears uninvited, monitors movements, violates proximity norms.
A5: Charm | B5: 9 | C5: Charm softens reality distortion and maintains connection.
A6: Cognitive Flexibility | B6: 6 | C6: Threat‑organized thinking, but not rigidly delusional.
A7: Conflict | B7: 6 | C7: Avoids emotional conflict through withdrawal.
A8: Control | B8: 10 | C8: Controls proximity, information, emotional pacing, and narrative framing.
A9: Deception | B9: 10 | C9: Denies reality, withholds truth, reframes events.
A10: Disrespect | B10: 9 | C10: Overrides Bella’s perceptions repeatedly.
A11: Dominance | B11: 10 | C11: Positions himself as the authority on what is “real.”
A12: Dysregulation | B12: 9 | C12: Emotional whiplash, volatility, sudden shifts.
A13: Emotional Overexposure | B13: 2 | C13: He is emotionally closed.
... A29: Validation-seeking | B29: 4 | C29: No evidence of admiration‑seeking.

Sheet Edward Player Types (Copilot)
A1: CSV Player Type | B1: Score | C1: Reasoning
A2: Manipulative Morgan | B2: 7 | C2: Why it fits: Edward uses strategic emotional pacing (warm → cold → warm), selective disclosure, and narrative control to shape Bella’s perceptions. Why it’s not higher: He does not exploit Bella for instrumental gain (money, status, favors). His manipulation is emotional, not utilitarian.
A3: Menacing Marley | B3: 1 | C3: Why it’s low: He never uses intimidation, threats, or punishment. His danger is internal, not directed at Bella.
A4: Egocentric Evan | B4: 3 | C4: Why it fits: He occasionally centers his worldview as the “correct” one. Why it’s low: No narcissistic grandiosity, no entitlement, no rage at criticism.
A5: Domineering Devin | B5: 2 | C5: Why it fits: He controls information. Why it’s low: He does not micromanage routines or enforce rigid daily rules.
A6: Conspiratorial Corey | B6: 9 | C6: Why it fits: Hypervigilance, secrecy, threat‑organized thinking, “you don’t know what I am,” constant monitoring. Why it’s not 10: He’s not paranoid about Bella betraying him — his fear is existential, not interpersonal.
A7: Arrogant Avery | B7: 8 | C7: Why it fits: He positions himself as the authority on what Bella should believe (“you’re wrong,” “you don’t understand”). Why it’s not 10: He’s not grandiose or status‑driven — his authority comes from secrecy, not ego.
A8: Backhanded Blake | B8: 2 | C8: Why it’s low: No passive‑aggressive sabotage or indirect resistance.
A9: Needy Noel | B9: 1 | C9: Why it’s low: He is hyper‑independent, avoidant, and distancing — the opposite of clingy.
A10: Adrenaline Ainsley | B10: 3 | C10: Why it fits: He takes risks (rescue scenes). Why it’s low: No addiction‑driven instability or thrill‑seeking cycles.
A11: Dependent Drew | B11: 1 | C11: Why it’s low: He never seeks caretaking or emotional support.
A12: Storytelling Sam | B12: 10 | C12: Why it fits: Future‑baiting is maximal:“Someday I’ll explain.”, “You don’t know what I am.” “There are things I can’t tell you yet.” He promises future clarity, future closeness, future danger — without delivering.
A13: Tornado Toby | B13: 2 | C13: Why it’s low: He is controlled, not distractible or chaotic.
... A18: Pity-party Parker | B18: 2 | C18: Why it’s low: He does not self‑victimize or seek sympathy.

Sheet Edward Traits (DeepSeek)
A1: Trait Dimension | B1: Score | C1: Behavioral Reasoning
A2: Accountability | B2: 4 | C2: Early: low (no blame taken). Later: admits fault (“I shouldn’t have brought you here”). Never self‑blaming to excess, nor blames Bella. Mid‑low.
A3: Attachment | B3: 3 | C3: Detached throughout. Flees intimacy, but eventually commits. Still low on clingy scale.
A4: Boundaries | B4: 6 | C4: Initially rigid (leaves class, won’t touch). Later allows closeness but maintains physical limits (stops kiss, controls thirst). Mid‑rigid.
A5: Charm | B5: 7 | C5: Highly charming in restaurant, salad bar, prom, and meadow. Uses charm to connect, not manipulate.
A6: Cognitive Flexibility | B6: 3 | C6: Rigid hyperlogical thinking about himself (“I’m a monster”). Slow to accept Bella’s reframing. Low.
A7: Conflict | B7: 4 | C7: Avoidant; engages only physically with James.
A8: Control | B8: 7 | C8: Controls environment during danger, controls his thirst, controls revelation.
A9: Deception | B9: 5 | C9: Lies by omission about being vampire; admits truth in meadow.
A10: Disrespect | B10: 3 | C10: Early contempt fades to respect.
A11: Dominance | B11: 6 | C11: Assertive in rescue, confronting James, protecting Bella.
A12: Dysregulation | B12: 4 | C12: Overcontrolled; stops himself even during venom frenzy.
A13: Emotional Overexposure | B13: 4 | C13: Initially closed; opens in meadow (“I’ve never wanted blood so much”).
... A29: Validation-seeking | B29: 4 | C29: Seeks Bella’s acceptance, not general admiration.

Sheet Edward Player Types (DeepSeek)
A1: CSV Player Type | B1: Score | C1: Reasoning
A2: Manipulative Morgan | B2: 2 | C2: Never exploits Bella instrumentally. Only possible manipulation is hiding his nature, but that’s self‑protection, not exploitation. No strategic charm to control her.
A3: Menacing Marley | B3: 4 | C3: Initially intimidating (hostile stare, covering nose), but never threatens or punishes Bella. Uses menace only against James and the Frat Boys.
A4: Egocentric Evan | B4: 5 | C4: Some grandiosity (“I’m the world’s most dangerous predator”) and validation‑seeking (“Tell me what you’re thinking”). But he does not demand admiration from others, only from Bella, and often rejects praise. Mid.
A5: Domineering Devin | B5: 6 | C5: Gives commands (“Don’t move,” “Stop asking questions,” “Be very still”). Controls Bella’s environment during danger. But respects her autonomy in non‑life‑threatening situations.
A6: Conspiratorial Corey | B6: 8 | C6: Chronically mistrustful – of his own nature, of James, of exposing his family. Paranoid about the treaty, about Bella’s scent, about losing control. High suspicion throughout.
A7: Arrogant Avery | B7: 4 | C7: Early dismissiveness (“What is that smell?”) and need to be right about his own danger. But he abandons arrogance after the meadow scene, becoming vulnerable.
A8: Backhanded Blake | B8: 1 | C8: No passive aggression. He is direct about his feelings, even if he withdraws. Words and actions match (he says stay away, then leaves).
A9: Needy Noel | B9: 0 | C9: No clinginess or enmeshment. He repeatedly pulls away, rejects closeness, and is hyper‑independent.
A10: Adrenaline Ainsley | B10: 2 | C10: No addiction or impulsivity. He is controlled and deliberate, even when fighting. The only “addiction” is to Bella’s blood, but that’s biological, not behavioral addiction.
A11: Dependent Drew | B11: 0 | C11: No caregiver‑seeking. He takes care of Bella, not the reverse.
A12: Storytelling Sam | B12: 0 | C12: No future faking. He warns her honestly about danger, never makes false promises.
A13: Tornado Toby | B13: 2 | C13: Rigid, not erratic in an ADHD sense. His inconsistency is emotional push‑pull, not distractibility or novelty‑seeking.
... A18: Pity-party Parker | B18: 0 | C18: No victim narrative. He blames himself, not others, and never uses sympathy as leverage.

Sheet Edward Traits (Gemini)
A1: Trait Dimension | B1: Score | C1: Behavioral Reasoning
A2: Accountability | B2: 5 | C2: Balances self-flagellation for their "monster" nature with the externalization of blame—justifying actions as necessary for the partner's survival.
A3: Attachment | B3: 10 | C3: Reflects total emotional fusion; the subject now operates under the assumption that separation is impossible.
A4: Boundaries | B4: 0 | C4: Systematic violation of the partner’s autonomy, reframed as "protection" or "safety."
A5: Charm | B5: 5 | C5: Less essential now; the partner is already captured, so high-intensity manipulation is no longer required.
A6: Cognitive Flexibility | B6: 8 | C6: High reliance on magical thinking; the subject views their internal, subjective reality as the only objective truth.
A7: Conflict | B7: 0 | C7: Conflict has vanished because the partner is fully enmeshed; there is no remaining resistance to provoke it.
A8: Control | B8: 10 | C8: Absolute; all decisions, movements, and future possibilities are regulated by the subject.
A9: Deception | B9: 5 | C9: Withholds the full truth to maintain the "perfect" narrative, shielding the partner from the reality of the danger they are in.
A10: Disrespect | B10: 0 | C10: Operates with "overindulgent" disrespect; treats the partner as a child needing constant, absolute supervision.
A11: Dominance | B11: 10 | C11: Assumes total agency over the relationship’s trajectory, overriding any potential dissenting input from the partner.
A12: Dysregulation | B12: 0 | C12: Perfectly overcontrolled; the subject is eerily calm, deliberate, and predictable in their influence.
A13: Emotional Overexposure | B13: 7 | C13: Strategically weaponizes their own vulnerability (e.g., "I am dangerous") to lock the partner into a caretaking, protective role.
... A29: Validation-seeking | B29: 5 | C29: Requires the partner’s quiet, ongoing affirmation that the subject is "good" to keep the narrative intact.

Sheet Edward Player Types (Gemini)
A1: CSV Player Type | B1: Score | C1: Reasoning
A2: Manipulative Morgan | B2: 4.25 | C2: This node is defined by predatory, strategic manipulation. The subject aligns less here because they are beyond the need for strategic games; their dominance is now established and absolute.
A3: Menacing Marley | B3: 4.27 | C3: This cluster is defined by force-based control. The subject lands here only partially, as their control is now less about "menacing" and more about an all-encompassing, smothering presence.
A4: Egocentric Evan | B4: 5.41 | C4: This cluster is defined by cognitive rigidity. The subject lands here because they are fundamentally unable to perceive the partner as a separate agent; the partner is effectively a reflection of the subject's own needs and narrative.
A5: Domineering Devin | B5: 5.58 | C5: This node is defined by centralized, rigid control. The subject lands here because their final state requires a total centralization of power, where the subject’s own logic is the only reality permitted to exist.
A6: Conspiratorial Corey | B6: 6.11 | C6: This cluster represents the highest alignment because its coordinates are defined by extreme isolation and absolute mistrust of external influence. The subject’s final behavior—cutting the partner off from all external reality to maintain a "protected" state—is the exact definition of this data node.
A7: Arrogant Avery | B7: 5.15 | C7: This node is defined by unyielding intensity and dominance. The subject lands here because their presence is an ambient, non-negotiable constant that overrides any other emotional space.
A8: Backhanded Blake | B8: 5.31 | C8: This node represents covert, passive exploitation. The subject aligns here because they do not use open violence in the final scenes; they use the partner's internal guilt and the "need" for safety to achieve their aims.
A9: Needy Noel | B9: 5.01 | C9: This node is defined by complete identity-fusion (enmeshment). The subject aligns here because they no longer conceive of an "I" or a "You"—only a "We" that is entirely controlled by the subject's internal rules.
A10: Adrenaline Ainsley | B10: 4.34 | C10: This node is defined by the need for constant high-stakes intensity. The subject aligns less here because they have shifted toward a "quiet" stability rather than the chaotic thrills this node typically requires.
A11: Dependent Drew | B11: 5.1 | C11: This cluster represents pathological neediness. The subject lands here because they cannot stabilize their own "monstrous" nature without the partner’s constant, reassuring presence.
A12: Storytelling Sam | B12: 4.8 | C12: This cluster is defined by the prioritization of narrative over reality. The subject aligns here by obsessively crafting a "perfect, eternal" relationship narrative that ignores the erosion of the partner's own life.
A13: Tornado Toby | B13: 4.23 | C13: his cluster is defined by chaotic, unpredictable dysregulation. The subject lands here lowest because the final scenes show a total lack of chaos; the subject has achieved a state of permanent, predictable, and suffocating order.
... A18: Pity-party Parker | B18: 4.87 | C18: This cluster is defined by the use of vulnerability as a tool. The subject lands here because they utilize the idea of their own "danger" to hold the partner hostage to the relationship.

Sheet Averages 
A1: Player Type | B1: Score | C1: Trait Dimension | D1: Score
A2: Manipulative Morgan | B2: =AVERAGE('Edward Player Types (GPT)'!B2,'Edward Player Types (Copilot)'!B2,'Edward Player Types (DeepSeek)'!B2,'Edward Player Types (Gemini)'!B2) -> 5.7625 | C2: Accountability | D2: =AVERAGE('Edward Traits (GPT)'!B2,'Edward Traits (Copilot)'!B20,'Edward Traits (DeepSeek)'!B2,'Edward Traits (Gemini)'!B2) -> 5.25
A3: Menacing Marley | B3: =AVERAGE('Edward Player Types (GPT)'!B3,'Edward Player Types (Copilot)'!B3,'Edward Player Types (DeepSeek)'!B3,'Edward Player Types (Gemini)'!B3) -> 3.7675 | C3: Attachment | D3: =AVERAGE('Edward Traits (GPT)'!B3,'Edward Traits (Copilot)'!B21,'Edward Traits (DeepSeek)'!B3,'Edward Traits (Gemini)'!B3) -> 8
A4: Egocentric Evan | B4: =AVERAGE('Edward Player Types (GPT)'!B4,'Edward Player Types (Copilot)'!B4,'Edward Player Types (DeepSeek)'!B4,'Edward Player Types (Gemini)'!B4) -> 4.9775 | C4: Boundaries | D4: =AVERAGE('Edward Traits (GPT)'!B4,'Edward Traits (Copilot)'!B22,'Edward Traits (DeepSeek)'!B4,'Edward Traits (Gemini)'!B4) -> 2.25
A5: Domineering Devin | B5: =AVERAGE('Edward Player Types (GPT)'!B5,'Edward Player Types (Copilot)'!B5,'Edward Player Types (DeepSeek)'!B5,'Edward Player Types (Gemini)'!B5) -> 5.395 | C5: Charm | D5: =AVERAGE('Edward Traits (GPT)'!B5,'Edward Traits (Copilot)'!B23,'Edward Traits (DeepSeek)'!B5,'Edward Traits (Gemini)'!B5) -> 7.75
A6: Conspiratorial Corey | B6: =AVERAGE('Edward Player Types (GPT)'!B6,'Edward Player Types (Copilot)'!B6,'Edward Player Types (DeepSeek)'!B6,'Edward Player Types (Gemini)'!B6) -> 7.8525 | C6: Cognitive Flexibility | D6: =AVERAGE('Edward Traits (GPT)'!B6,'Edward Traits (Copilot)'!B24,'Edward Traits (DeepSeek)'!B6,'Edward Traits (Gemini)'!B6) -> 4.5
A7: Arrogant Avery | B7: =AVERAGE('Edward Player Types (GPT)'!B7,'Edward Player Types (Copilot)'!B7,'Edward Player Types (DeepSeek)'!B7,'Edward Player Types (Gemini)'!B7) -> 6.5375 | C7: Conflict | D7: =AVERAGE('Edward Traits (GPT)'!B7,'Edward Traits (Copilot)'!B25,'Edward Traits (DeepSeek)'!B7,'Edward Traits (Gemini)'!B7) -> 5.25
A8: Backhanded Blake | B8: =AVERAGE('Edward Player Types (GPT)'!B8,'Edward Player Types (Copilot)'!B8,'Edward Player Types (DeepSeek)'!B8,'Edward Player Types (Gemini)'!B8) -> 3.5775 | C8: Control | D8: =AVERAGE('Edward Traits (GPT)'!B8,'Edward Traits (Copilot)'!B26,'Edward Traits (DeepSeek)'!B8,'Edward Traits (Gemini)'!B8) -> 7.75
A9: Needy Noel | B9: =AVERAGE('Edward Player Types (GPT)'!B9,'Edward Player Types (Copilot)'!B9,'Edward Player Types (DeepSeek)'!B9,'Edward Player Types (Gemini)'!B9) -> 3.4275 | C9: Deception | D9: =AVERAGE('Edward Traits (GPT)'!B9,'Edward Traits (Copilot)'!B27,'Edward Traits (DeepSeek)'!B9,'Edward Traits (Gemini)'!B9) -> 5.5
A10: Adrenaline Ainsley | B10: =AVERAGE('Edward Player Types (GPT)'!B10,'Edward Player Types (Copilot)'!B10,'Edward Player Types (DeepSeek)'!B10,'Edward Player Types (Gemini)'!B10) -> 4.21 | C10: Disrespect | D10: =AVERAGE('Edward Traits (GPT)'!B10,'Edward Traits (Copilot)'!B28,'Edward Traits (DeepSeek)'!B10,'Edward Traits (Gemini)'!B10) -> 5
A11: Dependent Drew | B11: =AVERAGE('Edward Player Types (GPT)'!B11,'Edward Player Types (Copilot)'!B11,'Edward Player Types (DeepSeek)'!B11,'Edward Player Types (Gemini)'!B11) -> 3.475 | C11: Dominance | D11: =AVERAGE('Edward Traits (GPT)'!B11,'Edward Traits (Copilot)'!B29,'Edward Traits (DeepSeek)'!B11,'Edward Traits (Gemini)'!B11) -> 7.5
A12: Storytelling Sam | B12: =AVERAGE('Edward Player Types (GPT)'!B12,'Edward Player Types (Copilot)'!B12,'Edward Player Types (DeepSeek)'!B12,'Edward Player Types (Gemini)'!B12) -> 4.45 | C12: Dysregulation | D12: =AVERAGE('Edward Traits (GPT)'!B12,'Edward Traits (Copilot)'!B30,'Edward Traits (DeepSeek)'!B12,'Edward Traits (Gemini)'!B12) -> 4.3333333
A13: Tornado Toby | B13: =AVERAGE('Edward Player Types (GPT)'!B13,'Edward Player Types (Copilot)'!B13,'Edward Player Types (DeepSeek)'!B13,'Edward Player Types (Gemini)'!B13) -> 3.8075 | C13: Emotional Overexposure | D13: =AVERAGE('Edward Traits (GPT)'!B13,'Edward Traits (Copilot)'!B31,'Edward Traits (DeepSeek)'!B13,'Edward Traits (Gemini)'!B13) -> 5.3333333
... A18: Pity-party Parker | B18: =AVERAGE('Edward Player Types (GPT)'!B18,'Edward Player Types (Copilot)'!B18,'Edward Player Types (DeepSeek)'!B18,'Edward Player Types (Gemini)'!B18) -> 2.8425 | C18: Impulsivity | D18: =AVERAGE('Edward Traits (GPT)'!B18,'Edward Traits (Copilot)'!B36,'Edward Traits (DeepSeek)'!B18,'Edward Traits (Gemini)'!B18) -> 4
C19: Inconsistency | D19: =AVERAGE('Edward Traits (GPT)'!B19,'Edward Traits (Copilot)'!B37,'Edward Traits (DeepSeek)'!B19,'Edward Traits (Gemini)'!B19) -> 5.6666667
C20: Intensity | D20: =AVERAGE('Edward Traits (GPT)'!B20,'Edward Traits (Copilot)'!B38,'Edward Traits (DeepSeek)'!B20,'Edward Traits (Gemini)'!B20) -> 8
C21: Isolation | D21: =AVERAGE('Edward Traits (GPT)'!B21,'Edward Traits (Copilot)'!B39,'Edward Traits (DeepSeek)'!B21,'Edward Traits (Gemini)'!B21) -> 7.6666667
C22: Neediness | D22: =AVERAGE('Edward Traits (GPT)'!B22,'Edward Traits (Copilot)'!B40,'Edward Traits (DeepSeek)'!B22,'Edward Traits (Gemini)'!B22) -> 6.3333333
C23: Goal Persistance | D23: =AVERAGE('Edward Traits (GPT)'!B23,'Edward Traits (Copilot)'!B41,'Edward Traits (DeepSeek)'!B23,'Edward Traits (Gemini)'!B23) -> 9.3333333
C24: Sensation-seeking | D24: =AVERAGE('Edward Traits (GPT)'!B24,'Edward Traits (Copilot)'!B42,'Edward Traits (DeepSeek)'!B24,'Edward Traits (Gemini)'!B24) -> 3.6666667
C25: Sense of Self | D25: =AVERAGE('Edward Traits (GPT)'!B25,'Edward Traits (Copilot)'!B43,'Edward Traits (DeepSeek)'!B25,'Edward Traits (Gemini)'!B25) -> 9
C26: Superficiality | D26: =AVERAGE('Edward Traits (GPT)'!B26,'Edward Traits (Copilot)'!B44,'Edward Traits (DeepSeek)'!B26,'Edward Traits (Gemini)'!B26) -> 4.3333333
C27: Trust | D27: =AVERAGE('Edward Traits (GPT)'!B27,'Edward Traits (Copilot)'!B45,'Edward Traits (DeepSeek)'!B27,'Edward Traits (Gemini)'!B27) -> 1
C28: Unorthodoxy | D28: =AVERAGE('Edward Traits (GPT)'!B28,'Edward Traits (Copilot)'!B46,'Edward Traits (DeepSeek)'!B28,'Edward Traits (Gemini)'!B28) -> 8.6666667
C29: Validation-seeking | D29: =AVERAGE('Edward Traits (GPT)'!B29,'Edward Traits (Copilot)'!B47,'Edward Traits (DeepSeek)'!B29,'Edward Traits (Gemini)'!B29) -> 3.6666667
